{"cameraMode":{"drawMode":0,"name":"Shaded","section":"Shading Mode"},"sceneLighting":true,"audioPlay":false,"sceneViewState":{"showFog":true,"showMaterialUpdate":false,"showSkybox":true,"showFlares":true,"showImageEffects":true,"showParticleSystems":true},"in2DMode":false,"pivot":{"x":-15.210575103759766,"y":2.690673351287842,"z":-15.313424110412598},"rotation":{"x":0.17741771042346955,"y":-0.7079214453697205,"z":0.19135206937789918,"w":0.6563190221786499},"size":10.288447380065918,"orthographic":false}