{"cameraMode":{"drawMode":0,"name":"Shaded","section":"Shading Mode"},"sceneLighting":false,"audioPlay":false,"sceneViewState":{"showFog":true,"showMaterialUpdate":false,"showSkybox":false,"showFlares":true,"showImageEffects":true,"showParticleSystems":true},"in2DMode":false,"pivot":{"x":0.0000016689300537109376,"y":1.4134800434112549,"z":-0.11796079576015473},"rotation":{"x":0.09644230455160141,"y":-0.9014499187469482,"z":0.26410043239593508,"w":0.3291473388671875},"size":7.501645088195801,"orthographic":false}