{"cameraMode":{"drawMode":0,"name":"Shaded","section":"Shading Mode"},"sceneLighting":true,"audioPlay":false,"sceneViewState":{"showFog":true,"showMaterialUpdate":false,"showSkybox":true,"showFlares":true,"showImageEffects":true,"showParticleSystems":true},"in2DMode":false,"pivot":{"x":106.70893096923828,"y":-42.451473236083987,"z":-234.24923706054688},"rotation":{"x":0.0025859796442091467,"y":-0.9907178282737732,"z":0.1345699578523636,"w":0.019036728888750078},"size":298.1302490234375,"orthographic":false}